<?xml version="1.0" encoding="UTF-8"?>
<?mso-application progid="Excel.Sheet"?>
<Workbook xmlns="urn:schemas-microsoft-com:office:spreadsheet"
 xmlns:o="urn:schemas-microsoft-com:office:office"
 xmlns:x="urn:schemas-microsoft-com:office:excel"
 xmlns:ss="urn:schemas-microsoft-com:office:spreadsheet"
 xmlns:html="http://www.w3.org/TR/REC-html40">
 <OfficeDocumentSettings xmlns="urn:schemas-microsoft-com:office:office">
  <AllowPNG/>
 </OfficeDocumentSettings>
 <ExcelWorkbook xmlns="urn:schemas-microsoft-com:office:excel">
  <WindowHeight>8250</WindowHeight>
  <WindowWidth>16275</WindowWidth>
  <WindowTopX>360</WindowTopX>
  <WindowTopY>90</WindowTopY>
  <ProtectStructure>False</ProtectStructure>
  <ProtectWindows>False</ProtectWindows>
 </ExcelWorkbook>
 <Styles>
  <Style ss:ID="Default" ss:Name="Normal">
   <Alignment ss:Vertical="Bottom"/>
   <Borders/>
   <Font ss:FontName="Calibri" x:CharSet="238" x:Family="Swiss" ss:Size="11"
    ss:Color="#000000"/>
   <Interior/>
   <NumberFormat/>
   <Protection/>
  </Style>
  <Style ss:ID="s62">
   <NumberFormat ss:Format="General Date"/>
  </Style>
  <Style ss:ID="s63">
   <NumberFormat ss:Format="Short Date"/>
  </Style>
  <Style ss:ID="s65">
   <NumberFormat ss:Format="[h]:mm:ss"/>
  </Style>
 </Styles>
 <Worksheet ss:Name="Sheet1">
  <Table>

	<Column ss:AutoFitWidth="0" ss:Width="50"/>
	<Column ss:AutoFitWidth="0" ss:Width="84" ss:Span="1"/>
	<Column ss:AutoFitWidth="0" ss:Width="110"/>
	<Column ss:AutoFitWidth="0" ss:Width="110"/>
	<Column ss:AutoFitWidth="0" ss:Width="90"/>
	<Column ss:AutoFitWidth="0" ss:Width="90"/>
	<Column ss:AutoFitWidth="0" ss:Width="87"/>
	<Column ss:AutoFitWidth="0" ss:Width="57.75"/>
	<Column ss:AutoFitWidth="0" ss:Width="57.75"/>
	<Column ss:AutoFitWidth="0" ss:Width="100"/>
	<Column ss:AutoFitWidth="0" ss:Width="100"/>
	<Column ss:AutoFitWidth="0" ss:Width="80"/>
	<Column ss:AutoFitWidth="0" ss:Width="80"/>
	
	<Row>
	<Cell><Data ss:Type="String">#</Data></Cell>
	<Cell><Data ss:Type="String">Código de identificação</Data></Cell>
	<Cell><Data ss:Type="String">Data</Data></Cell>
    <Cell><Data ss:Type="String">Atualizado</Data></Cell>
	<Cell><Data ss:Type="String">Nome</Data></Cell>
	<Cell><Data ss:Type="String">E-mail</Data></Cell>
	<Cell><Data ss:Type="String">Categoria</Data></Cell>
	<Cell><Data ss:Type="String">Prioridade</Data></Cell>
	<Cell><Data ss:Type="String">Status</Data></Cell>
	<Cell><Data ss:Type="String">Assunto</Data></Cell>
	<Cell><Data ss:Type="String">Mensagem</Data></Cell>
	<Cell><Data ss:Type="String">Responsável</Data></Cell>
	<Cell><Data ss:Type="String">Tempo dedicado</Data></Cell>
	<Cell><Data ss:Type="String">Data de Vencimento</Data></Cell>
	</Row>

<Row>
<Cell><Data ss:Type="Number">15</Data></Cell>
<Cell><Data ss:Type="String"><![CDATA[9YB-74E-23WY]]></Data></Cell>
<Cell ss:StyleID="s62"><Data ss:Type="DateTime">2024-08-12T09:11:51.000</Data></Cell>
<Cell ss:StyleID="s62"><Data ss:Type="DateTime">2024-08-12T10:49:08.000</Data></Cell>
<Cell><Data ss:Type="String"><![CDATA[Geciane]]></Data></Cell>
<Cell><Data ss:Type="String"><![CDATA[geciane.nascimento@infoliinktelecom.com]]></Data></Cell>
<Cell><Data ss:Type="String"><![CDATA[SOLICITAÇÃO E APROVAÇÃO DE PAGAMENTO DDH - RESCISÃO E FGTS RESCISÓRIO]]></Data></Cell>
<Cell><Data ss:Type="String"><![CDATA[Média]]></Data></Cell>
<Cell><Data ss:Type="String"><![CDATA[Respondido]]></Data></Cell>
<Cell><Data ss:Type="String"><![CDATA[PAGAMENTO DDH - RESCISÃO E FGTS RESCISÓRIO]]></Data></Cell>
<Cell><Data ss:Type="String"><![CDATA[FUNCIONÁRIO: RUTE FERREIRA DA COSTA

CPF: 620.495.523-35

EMPRESA VINCULADA: DNET

VALOR R$: 1.260,64 (RESCIÃO)

VALOR R$: 116,33 (MULTA RESCISÃO)

FORMA DE PAGAMENTO (REMESSA, BOLETO, TED, PIX, ESPÉCIE): REMESSA

DADOS BANCÁRIOS SE FOR O CASO (BANCO, AG, CONTA):

SOLICITANTE: GECIANE SILVA

MOTIVO DA SOLICITAÇÃO (DETALHAR): DEMISSÃO

CENTRO DE CUSTO/CIDADE: COBRANÇA

DATA DE AFASTAMENTO: 07/08/2024

DATA DE REMESSA: 15/08/2024

DATA DE PAGAMENTO: 16/08/2024]]></Data></Cell>
<Cell><Data ss:Type="String"><![CDATA[]]></Data></Cell>
<Cell><Data ss:Type="String"><![CDATA[00:03:19]]></Data></Cell>
<Cell ss:StyleID="s63"><Data ss:Type="DateTime">2024-08-17T00:00:00.000</Data></Cell>
</Row>

  </Table>
  <WorksheetOptions xmlns="urn:schemas-microsoft-com:office:excel">
   <PageSetup>
    <Header x:Margin="0.3"/>
    <Footer x:Margin="0.3"/>
    <PageMargins x:Bottom="0.75" x:Left="0.7" x:Right="0.7" x:Top="0.75"/>
   </PageSetup>
   <Selected/>
   <Panes>
    <Pane>
     <Number>3</Number>
     <ActiveRow>4</ActiveRow>
    </Pane>
   </Panes>
   <ProtectObjects>False</ProtectObjects>
   <ProtectScenarios>False</ProtectScenarios>
  </WorksheetOptions>
 </Worksheet>
 <Worksheet ss:Name="Sheet2">
  <Table ss:ExpandedColumnCount="1" ss:ExpandedRowCount="1" x:FullColumns="1"
   x:FullRows="1" ss:DefaultRowHeight="15">
  </Table>
  <WorksheetOptions xmlns="urn:schemas-microsoft-com:office:excel">
   <PageSetup>
    <Header x:Margin="0.3"/>
    <Footer x:Margin="0.3"/>
    <PageMargins x:Bottom="0.75" x:Left="0.7" x:Right="0.7" x:Top="0.75"/>
   </PageSetup>
   <ProtectObjects>False</ProtectObjects>
   <ProtectScenarios>False</ProtectScenarios>
  </WorksheetOptions>
 </Worksheet>
 <Worksheet ss:Name="Sheet3">
  <Table ss:ExpandedColumnCount="1" ss:ExpandedRowCount="1" x:FullColumns="1"
   x:FullRows="1" ss:DefaultRowHeight="15">
  </Table>
  <WorksheetOptions xmlns="urn:schemas-microsoft-com:office:excel">
   <PageSetup>
    <Header x:Margin="0.3"/>
    <Footer x:Margin="0.3"/>
    <PageMargins x:Bottom="0.75" x:Left="0.7" x:Right="0.7" x:Top="0.75"/>
   </PageSetup>
   <ProtectObjects>False</ProtectObjects>
   <ProtectScenarios>False</ProtectScenarios>
  </WorksheetOptions>
 </Worksheet>
</Workbook>
